look_key,obraz_id,order,photo_url
"115554,118218",118900,1,https://daisyknit.ru/upload/dev2fun.imagecompress/webp/iblock/833/ylsll5pq7wexa8g4t77m1ndht19eru0v/anastasiya2.webp
"115554,118218",118899,2,https://daisyknit.ru/upload/dev2fun.imagecompress/webp/iblock/192/hwndbwkfhdu5sea0723xjyngg1g6y6mi/anastasiya1.webp
"114709,118218",118896,1,https://daisyknit.ru/upload/dev2fun.imagecompress/webp/iblock/fc2/puvdefsf725s02siaqs82u2r3z4djzt5/mariya2.webp
"114709,118218",118895,2,https://daisyknit.ru/upload/dev2fun.imagecompress/webp/iblock/911/0bg07c0swwka65uscadpbuc6e1za1fg3/mariya1.webp
"117270,117349",118785,1,https://daisyknit.ru/upload/dev2fun.imagecompress/webp/iblock/c83/qt6n97cnb917qvytyoarvo3e2ykkehkp/radikovnaa2.webp
"117270,117349",118784,2,https://daisyknit.ru/upload/dev2fun.imagecompress/webp/iblock/91f/bqx7jo45fsxdgxtllgz1s50acqdhhj85/radikovnaa1.webp
"113205,115662,115890,117351",118783,1,https://daisyknit.ru/upload/dev2fun.imagecompress/webp/iblock/710/11lbb7cx8kefoqkub7r3zmhq5v6ezhi4/alina3.webp
"115662,115890,117329",118782,1,https://daisyknit.ru/upload/dev2fun.imagecompress/webp/iblock/10a/xhy0k7fcthbu9lqzk467m2dwu0jhw354/alina2.webp
"115418,115466,115890",118781,1,https://daisyknit.ru/upload/dev2fun.imagecompress/webp/iblock/408/k1b5r1nk9wuw1vpv5wvi2fubtpe7d155/alina1.webp
"115482,115554,115871",118780,1,https://daisyknit.ru/upload/dev2fun.imagecompress/webp/iblock/af5/wosnm6uv29z2xcjfzeh7xsak9mwcmz1k/katya2.webp
"115482,115554,115662,115871",118779,1,https://daisyknit.ru/upload/dev2fun.imagecompress/webp/iblock/191/ckyprrxvm1rejk4hfn0bpht3ab5tu8r7/katya1.webp
"117270,17268",118778,1,https://daisyknit.ru/upload/dev2fun.imagecompress/webp/iblock/3da/868myt0xld173xapcgfzbmynw5mepog9/maria.webp
"113205,113596",118776,1,https://daisyknit.ru/upload/dev2fun.imagecompress/webp/iblock/0df/21cz3df2p1fmfslcr58ni50dgdv6oyut/sonya.webp
"117299,117351",118775,1,https://daisyknit.ru/upload/dev2fun.imagecompress/webp/iblock/28f/kvl4dt9jb4am2glll20li6unu3p9z66o/tolmacheva4.webp
"109367,109390",118774,1,https://daisyknit.ru/upload/dev2fun.imagecompress/webp/iblock/cb3/ypa35eb749d6imi4khoqecduo7vmpji5/tolmacheva3.webp
"117270,117299",118773,1,https://daisyknit.ru/upload/dev2fun.imagecompress/webp/iblock/1f1/djavu20neno4080i0cyml49xyl6c521q/tolmacheva2.webp
"117270,117299,17268",118772,1,https://daisyknit.ru/upload/dev2fun.imagecompress/webp/iblock/573/kwq0s9a1jrfvm6br26g5mfx3sy9ptdl7/tolmacheva1.webp
"117270,117312,117341",118566,1,https://daisyknit.ru/upload/dev2fun.imagecompress/webp/iblock/a41/pj8ee2jns7ds69nxg403g3qzhaa1cr70/altana.webp
"117341,117351",118564,1,https://daisyknit.ru/upload/dev2fun.imagecompress/webp/iblock/eb2/ioc4ce157ga4fixv2n7y19km0arvkatc/darya-kryzhanova2.webp
"117341,117351",118563,2,https://daisyknit.ru/upload/dev2fun.imagecompress/webp/iblock/b59/36s4i7bmi1j6i4ayr8td7bk7tcul69gf/darya-kryzhanova1.webp
"113205,115100,115510",118562,1,https://daisyknit.ru/upload/dev2fun.imagecompress/webp/iblock/863/a3ps7cm0ustt1xeio3ku3z0nrwyuggh1/ekaterina2.webp
"113205,115100",118561,1,https://daisyknit.ru/upload/dev2fun.imagecompress/webp/iblock/6e1/vfsfw9mbpbel0jt3u094hmd9lktb1t6z/ekaterina1.webp
"117341,117351",118560,3,https://daisyknit.ru/upload/dev2fun.imagecompress/webp/iblock/5b3/vobb33phchdz544xssww14y6o54b9b03/katya-keselman2.webp
"105466,114827",118559,1,https://daisyknit.ru/upload/dev2fun.imagecompress/webp/iblock/6a8/k2m1x958f3xmmdwxh51d8gk3bzrl7xg8/kristina-kolosova.webp
"114741,114827",118558,1,https://daisyknit.ru/upload/dev2fun.imagecompress/webp/iblock/bb1/2n52jf2caf6swcv9l65ate2b20wbt5w4/marina-barannik2.webp
"114741,114827",118557,2,https://daisyknit.ru/upload/dev2fun.imagecompress/webp/iblock/fcc/sd5ocp0who8r1jiwxt3psr7mz15u358y/marina-barannik1.webp
"117341,117351",118556,4,https://daisyknit.ru/upload/dev2fun.imagecompress/webp/iblock/931/6qizllflskp70r35qe342k2ikzagq1ns/Nastya-SHirokova2.webp
"117341,117351",118555,5,https://daisyknit.ru/upload/dev2fun.imagecompress/webp/iblock/a9a/47tq3uimp2u3yt6jqzlfbqsyv6g2qgdu/nastya-shirokova.webp
"117351,86894",118341,1,https://daisyknit.ru/upload/dev2fun.imagecompress/webp/iblock/759/2xdl3t5xl50ste3wbgsbh65ksztnovw4/ai_sha2.webp
"117351,86894",118340,2,https://daisyknit.ru/upload/dev2fun.imagecompress/webp/iblock/973/m8dop10evbv6jbtyao3zq4o3sf3ey1qx/ai_sha1.webp
"117351,86894",118339,3,https://daisyknit.ru/upload/dev2fun.imagecompress/webp/iblock/ddd/y3b06ovwedhyuwerljbojgajkph33bqw/ai_sha.webp
"109589,115554,115871",118338,1,https://daisyknit.ru/upload/dev2fun.imagecompress/webp/iblock/d9e/hqlh232pb8g44flo9oyapi78cfrhkafw/photo_2026_03_27_13_24_48.webp
"115100,115510",118337,1,https://daisyknit.ru/upload/dev2fun.imagecompress/webp/iblock/dc2/fr4rkwiql4h9fj10hhd6l2alkpx53wk0/photo_2026_03_27_13_24_47.webp
"115100,115512,115554,115871",118336,1,https://daisyknit.ru/upload/dev2fun.imagecompress/webp/iblock/d61/jit4cfomg4gm6y4kzm3yeqov8r5i3f11/photo_2026_03_25_15_44_31.webp
"117341,117351",118331,6,https://daisyknit.ru/upload/dev2fun.imagecompress/webp/iblock/d98/y8wvlzzbggiddw8zm2husw4u82sifp50/katya1.webp
"117341,117351",118330,7,https://daisyknit.ru/upload/dev2fun.imagecompress/webp/iblock/d59/phns8ayty9jb21dggzo26tpzf74ta3o0/katya.webp
"117299,117351",118329,2,https://daisyknit.ru/upload/dev2fun.imagecompress/webp/iblock/3bd/iluqo5y5j9dctjcxo14ajo4e1t4zhfya/kristina.webp
"117299,117351",118328,3,https://daisyknit.ru/upload/dev2fun.imagecompress/webp/iblock/74b/m6rapjk3ehsm1086drnlp92a6h8cofcx/kristina1.webp
"115418,115466",118256,1,https://daisyknit.ru/upload/dev2fun.imagecompress/webp/iblock/a5d/exssx7c8y3rxittr7j5h0o3klzue24ak/ushakova1.webp
