obraz_id,skus,photos_count,photos
118900,"115554,118218",2,https://daisyknit.ru/upload/dev2fun.imagecompress/webp/iblock/833/ylsll5pq7wexa8g4t77m1ndht19eru0v/anastasiya2.webp;https://daisyknit.ru/upload/dev2fun.imagecompress/webp/iblock/192/hwndbwkfhdu5sea0723xjyngg1g6y6mi/anastasiya1.webp
118896,"114709,118218",2,https://daisyknit.ru/upload/dev2fun.imagecompress/webp/iblock/fc2/puvdefsf725s02siaqs82u2r3z4djzt5/mariya2.webp;https://daisyknit.ru/upload/dev2fun.imagecompress/webp/iblock/911/0bg07c0swwka65uscadpbuc6e1za1fg3/mariya1.webp
118785,"117349,117270",2,https://daisyknit.ru/upload/dev2fun.imagecompress/webp/iblock/c83/qt6n97cnb917qvytyoarvo3e2ykkehkp/radikovnaa2.webp;https://daisyknit.ru/upload/dev2fun.imagecompress/webp/iblock/91f/bqx7jo45fsxdgxtllgz1s50acqdhhj85/radikovnaa1.webp
118783,"113205,117351,115890,115662",1,https://daisyknit.ru/upload/dev2fun.imagecompress/webp/iblock/710/11lbb7cx8kefoqkub7r3zmhq5v6ezhi4/alina3.webp
118782,"117329,115890,115662",1,https://daisyknit.ru/upload/dev2fun.imagecompress/webp/iblock/10a/xhy0k7fcthbu9lqzk467m2dwu0jhw354/alina2.webp
118781,"115466,115418,115890",1,https://daisyknit.ru/upload/dev2fun.imagecompress/webp/iblock/408/k1b5r1nk9wuw1vpv5wvi2fubtpe7d155/alina1.webp
118780,"115871,115554,115482",1,https://daisyknit.ru/upload/dev2fun.imagecompress/webp/iblock/af5/wosnm6uv29z2xcjfzeh7xsak9mwcmz1k/katya2.webp
118779,"115871,115554,115482,115662",1,https://daisyknit.ru/upload/dev2fun.imagecompress/webp/iblock/191/ckyprrxvm1rejk4hfn0bpht3ab5tu8r7/katya1.webp
118778,"117270,17268",1,https://daisyknit.ru/upload/dev2fun.imagecompress/webp/iblock/3da/868myt0xld173xapcgfzbmynw5mepog9/maria.webp
118776,"113205,113596",1,https://daisyknit.ru/upload/dev2fun.imagecompress/webp/iblock/0df/21cz3df2p1fmfslcr58ni50dgdv6oyut/sonya.webp
118775,"117299,117351",3,https://daisyknit.ru/upload/dev2fun.imagecompress/webp/iblock/28f/kvl4dt9jb4am2glll20li6unu3p9z66o/tolmacheva4.webp;https://daisyknit.ru/upload/dev2fun.imagecompress/webp/iblock/3bd/iluqo5y5j9dctjcxo14ajo4e1t4zhfya/kristina.webp;https://daisyknit.ru/upload/dev2fun.imagecompress/webp/iblock/74b/m6rapjk3ehsm1086drnlp92a6h8cofcx/kristina1.webp
118774,"109367,109390",1,https://daisyknit.ru/upload/dev2fun.imagecompress/webp/iblock/cb3/ypa35eb749d6imi4khoqecduo7vmpji5/tolmacheva3.webp
118773,"117299,117270",1,https://daisyknit.ru/upload/dev2fun.imagecompress/webp/iblock/1f1/djavu20neno4080i0cyml49xyl6c521q/tolmacheva2.webp
118772,"117299,117270,17268",1,https://daisyknit.ru/upload/dev2fun.imagecompress/webp/iblock/573/kwq0s9a1jrfvm6br26g5mfx3sy9ptdl7/tolmacheva1.webp
118566,"117341,117312,117270",1,https://daisyknit.ru/upload/dev2fun.imagecompress/webp/iblock/a41/pj8ee2jns7ds69nxg403g3qzhaa1cr70/altana.webp
118564,"117341,117351",7,https://daisyknit.ru/upload/dev2fun.imagecompress/webp/iblock/eb2/ioc4ce157ga4fixv2n7y19km0arvkatc/darya-kryzhanova2.webp;https://daisyknit.ru/upload/dev2fun.imagecompress/webp/iblock/b59/36s4i7bmi1j6i4ayr8td7bk7tcul69gf/darya-kryzhanova1.webp;https://daisyknit.ru/upload/dev2fun.imagecompress/webp/iblock/5b3/vobb33phchdz544xssww14y6o54b9b03/katya-keselman2.webp;https://daisyknit.ru/upload/dev2fun.imagecompress/webp/iblock/931/6qizllflskp70r35qe342k2ikzagq1ns/Nastya-SHirokova2.webp;https://daisyknit.ru/upload/dev2fun.imagecompress/webp/iblock/a9a/47tq3uimp2u3yt6jqzlfbqsyv6g2qgdu/nastya-shirokova.webp;https://daisyknit.ru/upload/dev2fun.imagecompress/webp/iblock/d98/y8wvlzzbggiddw8zm2husw4u82sifp50/katya1.webp;https://daisyknit.ru/upload/dev2fun.imagecompress/webp/iblock/d59/phns8ayty9jb21dggzo26tpzf74ta3o0/katya.webp
118562,"113205,115100,115510",1,https://daisyknit.ru/upload/dev2fun.imagecompress/webp/iblock/863/a3ps7cm0ustt1xeio3ku3z0nrwyuggh1/ekaterina2.webp
118561,"113205,115100",1,https://daisyknit.ru/upload/dev2fun.imagecompress/webp/iblock/6e1/vfsfw9mbpbel0jt3u094hmd9lktb1t6z/ekaterina1.webp
118559,"105466,114827",1,https://daisyknit.ru/upload/dev2fun.imagecompress/webp/iblock/6a8/k2m1x958f3xmmdwxh51d8gk3bzrl7xg8/kristina-kolosova.webp
118558,"114741,114827",2,https://daisyknit.ru/upload/dev2fun.imagecompress/webp/iblock/bb1/2n52jf2caf6swcv9l65ate2b20wbt5w4/marina-barannik2.webp;https://daisyknit.ru/upload/dev2fun.imagecompress/webp/iblock/fcc/sd5ocp0who8r1jiwxt3psr7mz15u358y/marina-barannik1.webp
118341,"117351,86894",3,https://daisyknit.ru/upload/dev2fun.imagecompress/webp/iblock/759/2xdl3t5xl50ste3wbgsbh65ksztnovw4/ai_sha2.webp;https://daisyknit.ru/upload/dev2fun.imagecompress/webp/iblock/973/m8dop10evbv6jbtyao3zq4o3sf3ey1qx/ai_sha1.webp;https://daisyknit.ru/upload/dev2fun.imagecompress/webp/iblock/ddd/y3b06ovwedhyuwerljbojgajkph33bqw/ai_sha.webp
118338,"115871,115554,109589",1,https://daisyknit.ru/upload/dev2fun.imagecompress/webp/iblock/d9e/hqlh232pb8g44flo9oyapi78cfrhkafw/photo_2026_03_27_13_24_48.webp
118337,"115510,115100",1,https://daisyknit.ru/upload/dev2fun.imagecompress/webp/iblock/dc2/fr4rkwiql4h9fj10hhd6l2alkpx53wk0/photo_2026_03_27_13_24_47.webp
118336,"115871,115512,115554,115100",1,https://daisyknit.ru/upload/dev2fun.imagecompress/webp/iblock/d61/jit4cfomg4gm6y4kzm3yeqov8r5i3f11/photo_2026_03_25_15_44_31.webp
118256,"115466,115418",1,https://daisyknit.ru/upload/dev2fun.imagecompress/webp/iblock/a5d/exssx7c8y3rxittr7j5h0o3klzue24ak/ushakova1.webp
