sku,name,price,category,url,image
115554,Рубашка с вышивкой из хлопка,11890,Рубашки и блузы,https://daisyknit.ru/catalog/rubashki_i_bluzy/rubashka_s_vyshivkoy_iz_khlopka/?sku=115554,https://daisyknit.ru/upload/dev2fun.imagecompress/webp/iblock/489/p5pn2912p4sav9o026isjulmx51jq7lb/Rubashka-s-vyshivkoy-iz-khlopka-Belyy-970286_1.webp
118218,Юбка из экокожи,13890,Юбки,https://daisyknit.ru/catalog/yubki_1/yubka_iz_ekokozhi/?sku=118218,https://daisyknit.ru/upload/dev2fun.imagecompress/webp/iblock/271/skhon9wdozjh5dldcltp9cgjcwwxdr5z/YUbka-iz-ekokozhi-Svetlo_zheltyi_-968472_1.webp
113205,Тренч облегченный на хлопковом подкладе,27890,Верхняя одежда,https://daisyknit.ru/catalog/verkhnyaya_odezhda_1/trench_oblegchennyy_na_khlopkovom_podklade/?sku=113205,https://daisyknit.ru/upload/dev2fun.imagecompress/webp/iblock/112/pjp1gz3dlicvmplpkx61kf5wa8dgl3uh/Trench-oblegchennyy-na-khlopkovom-podklade-Svetlo_zhyeltyy-968988_1.webp
114709,Жакет укороченный в винтажном стиле,19890,Жакеты и жилеты,https://daisyknit.ru/catalog/zhakety_i_zhilety/zhaket_ukorochennyy_v_vintazhnom_stile/?sku=114709,https://daisyknit.ru/upload/dev2fun.imagecompress/webp/iblock/af5/s2zo39iq56qvrud0o166jh5n7p9ir1p7/ZHaket-ukorochennyy-v-vintazhnom-stile-SHokoladnyy-969165_1.webp
117344,Юбка миди двойная,11890,Юбки,https://daisyknit.ru/catalog/yubki_1/yubka_midi_dvoynaya/?sku=117344,https://daisyknit.ru/upload/dev2fun.imagecompress/webp/iblock/7d9/hduwsuh2r11mee8p2qwdvab83dve3xhw/YUbka-midi-dvoynaya-Svetlo_seryy-971140_1.webp
117349,Топ на молнии с коротким рукавом,9890,Топы,https://daisyknit.ru/catalog/topy/top_na_molnii_s_korotkim_rukavom/?sku=117349,https://daisyknit.ru/upload/dev2fun.imagecompress/webp/iblock/cbd/mihgooo2mazsvmcnon99xudhmqmd4cqk/Top-na-molnii-s-korotkim-rukavom-Goluboy-971144_1.webp
117270,Брюки широкие со складками,12890,Брюки и шорты,https://daisyknit.ru/catalog/bryuki_i_shorty/bryuki_shirokie_so_skladkami_3/?sku=117270,https://daisyknit.ru/upload/dev2fun.imagecompress/webp/iblock/287/503upx67ed3f1ygi15v23hallyt6szyz/Bryuki-shirokie-so-skladkami-Grafitovyy-970704_1.webp
117351,Брюки широкие из хлопка Pima,13890,Брюки и шорты,https://daisyknit.ru/catalog/bryuki_i_shorty/bryuki_shirokie_iz_khlopka_pima/?sku=117351,https://daisyknit.ru/upload/dev2fun.imagecompress/webp/iblock/e63/zp9nsgjd5chypo4qtiln4syj58dy01hc/Bryuki-shirokie-iz-khlopka-Pima-Svetlo_zheltyy-971145_1.webp
115890,Туфли на плоской подошве из замшевой кожи,18890,Обувь,https://daisyknit.ru/catalog/obuv_2/tufli_na_ploskoy_podoshve_iz_zamshevoy_kozhi/?sku=115890,https://daisyknit.ru/upload/dev2fun.imagecompress/webp/iblock/593/67pu646mx7fn4v7vzy8wgbrlr7jzmg9f/Capture_One_Catalog_89995.webp
115662,Солнцезащитные очки с поляризацией в прямоугольной оправе,7890,Сумки и аксессуары,https://daisyknit.ru/catalog/sumki_i_aksessuary/solntsezashchitnye_ochki_s_polyarizatsiey_v_pryamougolnoy_oprave_1/?sku=115662,https://daisyknit.ru/upload/dev2fun.imagecompress/webp/iblock/117/2bt01w651hw2ysbq497762fmdgu6ce2o/Solntsezashchitnye-ochki-s-polyarizatsiey-v-pryamougolnoy-oprave-Korichnevyy-968467_2.webp
117329,Юбка миди из хрустящего хлопка,12890,Юбки,https://daisyknit.ru/catalog/yubki_1/yubka_midi_iz_khrustyashchego_khlopka/?sku=117329,https://daisyknit.ru/upload/dev2fun.imagecompress/webp/iblock/ce2/oseak5i2vdau3hgwxui8nzp8qwrypa1q/YUbka-midi-iz-khrustyashchego-khlopka-Belyy-971143_1.webp
115466,Лонгслив из фактурной ткани,7890,Тонкий трикотаж,https://daisyknit.ru/catalog/tonkiy_trikotazh_1/longsliv_iz_fakturnoy_tkani/?sku=115466,https://daisyknit.ru/upload/dev2fun.imagecompress/webp/iblock/7ac/viorh370s5p9igf7452xzskavkg59pa6/Longsliv-iz-fakturnoy-tkani-ZHeltyy-970160_1.webp
115418,Юбка миди из фактурной ткани,11890,Юбки,https://daisyknit.ru/catalog/yubki_1/yubka_midi_iz_fakturnoy_tkani_1/?sku=115418,https://daisyknit.ru/upload/dev2fun.imagecompress/webp/iblock/d18/26cr43o7a9dbe0g0xa2oe9cp6r112rso/YUbka-midi-iz-fakturnoy-tkani-ZHeltyy-970161_1.webp
115871,Жакет однобортный с вышивкой,21890,Жакеты и жилеты,https://daisyknit.ru/catalog/zhakety_i_zhilety/zhaket_odnobortnyy_s_vyshivkoy/?sku=115871 ,https://daisyknit.ru/upload/dev2fun.imagecompress/webp/iblock/5e7/q7q4b9b92w3bnercw617vf0kxdny0hwp/ZHaket-dvubortnyy-s-vyshivkoy-Rozovyy-968419_1.webp
115482,Джинсы-сигаретки,12890,Джинсы и деним,https://daisyknit.ru/catalog/dzhinsy_i_denim/dzhinsy_sigaretki/?sku=115482,https://daisyknit.ru/upload/dev2fun.imagecompress/webp/iblock/4f3/56xk8fa7r8f0kjy2nvoqbd8k5cizlk1f/Dzhinsy_sigaretki-Goluboy-968340_1.webp
17268,Сумка кросс-боди,,Сумки и аксессуары,https://daisyknit.ru/catalog/sumki_i_aksessuary/sumka_kross_bodi/?sku=17268,https://daisyknit.ru/upload/dev2fun.imagecompress/webp/images/no_photo.webp
113596,Платье макси архитектурного кроя из хлопка,15800,Платья,https://daisyknit.ru/catalog/platya_1/plate_maksi_arkhitekturnogo_kroya_iz_khlopka/?sku=113596,https://daisyknit.ru/upload/dev2fun.imagecompress/webp/iblock/f56/jeq1am6x3l52asey7or93dyvg3hw9q2v/Plate-maksi-arkhitekturnogo-kroya-iz-khlopka-SHokoladnyy-969061_1.webp
117299,Рубашка с коротким рукавом из хлопка Pima,9890,Рубашки и блузы,https://daisyknit.ru/catalog/rubashki_i_bluzy/rubashka_s_korotkim_rukavom_iz_khlopka_pima/?sku=117299,https://daisyknit.ru/upload/dev2fun.imagecompress/webp/iblock/3f8/p0ddym1ct87qsb9v4reayr2lste6zq22/Rubashka-s-korotkim-rukavom-iz-khlopka-Pima-Tyemno_siniy-970084_1.webp
109367,Рубашка с коротким рукавом на молнии,10890,Рубашки и блузы,https://daisyknit.ru/catalog/rubashki_i_bluzy/rubashka_s_korotkim_rukavom_na_molnii/?sku=109367,https://daisyknit.ru/upload/dev2fun.imagecompress/webp/iblock/d69/dqswuhkw4n4gsu1kd70f9kidq8juad55/Rubashka-s-korotkim-rukavom-na-molnii-KHaki-964760_1.webp
109390,Юбка миди расклешенная,12890,Юбки,https://daisyknit.ru/catalog/yubki_1/yubka_midi_raskleshennaya/?sku=109390,https://daisyknit.ru/upload/dev2fun.imagecompress/webp/iblock/800/jsnw1o1a73guy5pym4h4wucx5ya6snzy/YUbka-midi-raskleshennaya-KHaki-963089_1.webp
117341,Ветровка с высоким воротником,17890,Верхняя одежда,https://daisyknit.ru/catalog/verkhnyaya_odezhda_1/vetrovka_s_vysokim_vorotnikom/?sku=117341,https://daisyknit.ru/upload/dev2fun.imagecompress/webp/iblock/1f3/spw6y2ea3ntfilsd1xkguudiaa4568yf/Vetrovka-s-vysokim-vorotnikom-Seryy-970553_1.webp
117312,Футболка двойная из трикотажа,5890,Футболки,https://daisyknit.ru/catalog/futbolki_i_tonkiy_trikotazh/futbolka_dvoynaya_iz_trikotazha/?sku=117312,https://daisyknit.ru/upload/dev2fun.imagecompress/webp/iblock/fb5/50pv15z5bjoiyy9afmzyq2u6r9i2jaw6/Futbolka-dvoynaya-iz-trikotazha-Seryy-970603_1.webp
115100,Юбка миди в бельевом стиле из хлопка,9890,Юбки,https://daisyknit.ru/catalog/yubki_1/yubka_midi_v_belevom_stile_iz_khlopka/?sku=115100,https://daisyknit.ru/upload/dev2fun.imagecompress/webp/iblock/1f9/jcqq7s794h3q4zgiqh3ir7xebdiynaj5/YUbka-midi-v-belevom-stile-iz-khlopka-Belyy-969289_3.webp
115510,Кардиган ажурной вязки c альпака,12890,Вязаный трикотаж,https://daisyknit.ru/catalog/vyazanyy_trikotazh/kardigan_azhurnoy_vyazki_c_alpaka/?sku=115510,https://daisyknit.ru/upload/dev2fun.imagecompress/webp/iblock/65b/n3j9xhd3007tibwhnk00ub6512czqtcg/Kardigan-azhurnoy-vyazki-c-alpaka-Rozovyy-968422_1.webp
105466,Бомбер из фактурного хлопка,22100,Верхняя одежда,https://daisyknit.ru/catalog/verkhnyaya_odezhda_1/bomber_iz_fakturnogo_khlopka/?sku=105466,https://daisyknit.ru/upload/dev2fun.imagecompress/webp/iblock/9ae/7a3ehlkde8o8prwst0oauuzwcxanobo5/Bomber-iz-fakturnogo-khlopka-Slivochnyy-960692_1.webp
114827,Брюки без пояса,13890,Брюки и шорты,https://daisyknit.ru/catalog/bryuki_i_shorty/bryuki_bez_poyasa/?sku=114827,https://daisyknit.ru/upload/dev2fun.imagecompress/webp/iblock/cd9/xibmivkq6gr2elzct2s5nndomaz5isa0/Bryuki-bez-poyasa-Seryy-969164_1.webp
114741,Бомбер из костюмной ткани,21890,Жакеты и жилеты,https://daisyknit.ru/catalog/zhakety_i_zhilety/bomber_iz_kostyumnoy_tkani_1/?sku=114741,https://daisyknit.ru/upload/dev2fun.imagecompress/webp/iblock/3df/j3wtnp8yf7fp7aiuphysikm78vrsa9xj/Bomber-iz-kostyumnoy-tkani-Svetlo_seryy-969551_1.webp
86894,Футболка унисекс,4290,Футболки,https://daisyknit.ru/catalog/futbolki_i_tonkiy_trikotazh/futbolka_uniseks/?sku=86894,https://daisyknit.ru/upload/dev2fun.imagecompress/webp/iblock/5db/9xx3prbjoo0wx7qz0aq1js2fmzu9kh07/Futbolka-uniseks-Molochnyy-936941_1.webp
109589,Юбка миди в бельевом стиле с цветочным принтом,8890,Юбки,https://daisyknit.ru/catalog/yubki_1/yubka_midi_v_belevom_stile_s_tsvetochnym_printom/?sku=109589,https://daisyknit.ru/upload/dev2fun.imagecompress/webp/iblock/131/1qb3xje1hdt1tw4q1er1p7ebjtv751t9/YUbka-midi-v-belevom-stile-s-tsvetochnym-printom-Bezhevyy-963343_1.webp
115512,Кардиган с отложным воротником,12890,Вязаный трикотаж,https://daisyknit.ru/catalog/vyazanyy_trikotazh/kardigan_s_otlozhnym_vorotnikom/?sku=115512,https://daisyknit.ru/upload/dev2fun.imagecompress/webp/iblock/9fb/6ouww3x9srq4oppr0kuwwk1arlw1f3q7/Kardigan-s-otlozhnym-vorotnikom-Zelenyy-968424_1.webp
108736,Пальто укороченное из шерсти с кашемиром,25890,Верхняя одежда,https://daisyknit.ru/catalog/verkhnyaya_odezhda_1/palto_ukorochennoe_iz_shersti_s_kashemirom/?sku=108736,https://daisyknit.ru/upload/dev2fun.imagecompress/webp/iblock/802/s37ypeg45cq2eaf2qthdru40oehodybq/Palto-ukorochennoe-iz-shersti-s-kashemirom-Svetlo_zelyenyy-964672_1.webp
